Name,Email,Number
webster yost,webster_yost16@helpinghands.cm,675952134
rhoda fisher,rhoda.fisher@helpinghands.cm,691345765
rhoda,rhoda88@helpinghands.cm,689065342
tressie,tressie34@helpinghands.cm,691345765
kaci gerlach,kaci_gerlach@helpinghands.cm,675952134
bobby cummings,bobby_cummings73@helpinghands.cm,689065342
ashley,ashley19@helpinghands.cm,678234657
demetrius,demetrius33@helpinghands.cm,675952134
gerda jones,gerda.jones32@helpinghands.cm,691345765
vanessa macgyve,vanessa.macgyver@helpinghands.cm,689065342
stacey wolff,stacey_wolff@helpinghands.cm,678234657
ahmed leffle,ahmed_leffler@helpinghands.cm,675952134
lazaro boyer,lazaro.boyer31@helpinghands.cm,689065342
nicole cruickshank,nicole.cruickshank79@helpinghands.cm,678234657
myrtice,myrtice49@helpinghands.cm,678234657
zoey beier,zoey.beier12@helpinghands.cm,675952134
brock ohara,brock_ohara@helpinghands.cm,689065342
kimberly,kimberly31@helpinghands.cm,678234657
marques,marques36@helpinghands.cm,691345765
leila,leila80@helpinghands.cm,689065342
avery powlowski,avery_powlowski@helpinghands.cm,678234657
lauren,lauren94@helpinghands.cm,678234657
kendrick orn,kendrick_orn@helpinghands.cm,675952134
pablo,pablo39@helpinghands.cm,689065342
randi marvin,randi_marvin@helpinghands.cm,678234657
haleigh,haleigh82@helpinghands.cm,691345765
ophelia hartmann,ophelia.hartmann@helpinghands.cm,675952134
jayne predovic,jayne.predovic44@helpinghands.cm,689065342
diana schowalter,diana_schowalter85@helpinghands.cm,691345765
